"a2d1d56b-ff6b-4f53-9bac-6c787480a247","http://blog.cvent.com/blog/3d207798-90ea-4571-9b0b-b6cabeca4d49","http://blog.cvent.com/","3d207798-90ea-4571-9b0b-b6cabeca4d49","norm","http://blog.Cvent.com/blog/3d207798-90ea-4571-9b0b-b6cabeca4d49"
"b89ef23c-66ac-45b5-bcdc-d18b12f9ca7b","http://blog.cvent.com/blog/asia-destination-insider","http://blog.cvent.com/","2c832c73-ffb7-4b6d-91ef-201396c406b4","norm","http://blog.Cvent.com/blog/asia-destination-insider"
"9b33fbf0-63c0-444c-bc33-0a4482bedc9d","http://blog.cvent.com/blog/atlanta-meetings-and-events","http://blog.cvent.com/","ceabdfd4-7053-4eed-a621-c0c0c982bc57","norm","http://blog.Cvent.com/blog/atlanta-meetings-and-events"
"a64e1c1e-5f60-4cca-85b8-3effc8ea3cbd","http://blog.cvent.com/blog/balitmore-meetings-and-events","http://blog.cvent.com/","6b55dafc-d67f-43cd-a8cd-bb04a0f8a8f4","norm","http://blog.Cvent.com/blog/balitmore-meetings-and-events"
"fd0bb00f-a73f-49c1-bfff-ec32af4daac0","http://blog.cvent.com/blog/baltimore-meetings-and-events","http://blog.cvent.com/","73b709a3-5604-4075-bf24-8934492b7576","norm","http://blog.Cvent.com/blog/baltimore-meetings-and-events"
"b486d7d3-f438-43e3-9cd7-c0274bc38626","http://blog.cvent.com/blog/best-practices-by-cvent-client-service","http://blog.cvent.com/","a606c8c4-1a0e-4a81-a249-71b5525d6d56","norm","http://blog.Cvent.com/blog/best-practices-by-cvent-client-service"
"09574e50-75fe-4ee3-9db7-7c0be6085e90","http://blog.cvent.com/blog/best-practices-for-the-cvent-supplier-network","http://blog.cvent.com/","1cb837db-0a3f-41a7-94f4-2d5b0fbc67f8","norm","http://blog.Cvent.com/blog/best-practices-for-the-cvent-supplier-network"
"936a5926-d423-455c-9224-07bf2be4b338","http://blog.cvent.com/blog/best-practices-in-event-planning","http://blog.cvent.com/","556ba100-288b-496f-b0b1-565cf371efc7","norm","http://blog.Cvent.com/blog/best-practices-in-event-planning"
"d8ce0003-8a8e-44d0-b9b5-834309ecd947","http://blog.cvent.com/blog/building-communities-and-networks-conferences","http://blog.cvent.com/","ae386fb6-d43b-42b8-a08a-07c1ae656d87","norm","http://blog.Cvent.com/blog/building-communities-and-networks-conferences"
"99dc4a37-bcce-486e-bfce-5a7af9a0e585","http://blog.cvent.com/blog/canadian-insider","http://blog.cvent.com/","5c377358-c3fe-40c4-9a36-4ef589a6ce78","norm","http://blog.Cvent.com/blog/canadian-insider"
"f28a9e86-158a-4629-a88b-f48aaac23c94","http://blog.cvent.com/blog/careers-at-cvent","http://blog.cvent.com/","ac1d550d-f997-4b11-8434-f262f73b9b41","norm","http://blog.Cvent.com/blog/careers-at-cvent"
"deee9fcc-412f-4f7c-b4c2-9ae6b05a60f3","http://blog.cvent.com/blog/chicago-meetings-and-events","http://blog.cvent.com/","3fc8d002-6743-4876-a5ea-31240bcde2c5","norm","http://blog.Cvent.com/blog/chicago-meetings-and-events"
"5b48aebe-fb84-4c95-a898-01a729b2979f","http://blog.cvent.com/blog/executiveoasis","http://blog.cvent.com/","01a74dba-7c3f-47b0-8236-56c9eac0965b","norm","http://blog.Cvent.com/blog/executiveoasis"
"565393f6-6d23-4453-b3c8-78a60bed8379","http://blog.cvent.com/blog/creative-solutions-for-events","http://blog.cvent.com/","092730af-5240-4b46-a96a-2879b1d725b0","norm","http://blog.Cvent.com/blog/creative-solutions-for-events"
"bf47385d-2081-47d4-8214-fb98d4671076","http://blog.cvent.com/blog/cvent-best-practices-for-associations","http://blog.cvent.com/","38bc698a-a6c8-4389-9510-b8354158f41c","norm","http://blog.Cvent.com/blog/cvent-best-practices-for-associations"
"3bed78a2-b90b-421d-a291-d247464dc90f","http://blog.cvent.com/blog/cvent-blog-2","http://blog.cvent.com/","85c6c495-a53b-4f87-9b7a-33853306b147","norm","http://blog.Cvent.com/blog/cvent-blog-2"
"9d58343a-4b3b-4f1e-8c5b-d4eb28a5196e","http://blog.cvent.com/blog/cvent-destination-guide-insider","http://blog.cvent.com/","df6557b1-9c1c-4a02-8c99-75f75fba9bec","norm","http://blog.Cvent.com/blog/cvent-destination-guide-insider"
"4b02aae6-5cd5-4ca7-aa26-a8c7113c2b44","http://blog.cvent.com/blog/cvent-for-associations","http://blog.cvent.com/","ee85cb57-7117-4efd-a3fe-853b0c9376e8","norm","http://blog.Cvent.com/blog/cvent-for-associations"
"60d71594-3409-40c3-8463-f6316069829b","http://blog.cvent.com/blog/cvent-news","http://blog.cvent.com/","4d2d48b8-1a4c-477d-a330-59da650afe99","norm","http://blog.Cvent.com/blog/cvent-news"
"7bfb88d6-2ea1-4d23-8fe4-4f779e4f3237","http://blog.cvent.com/blog/cvent-news-2","http://blog.cvent.com/","886e7e67-ed0d-4ec9-904e-fb0d7078fbab","norm","http://blog.Cvent.com/blog/cvent-news-2"
"9d15a9d0-e06b-4cfc-bef8-b33a86be00bf","http://blog.cvent.com/blog/cvent-supplier-network-2","http://blog.cvent.com/","064d44ce-440c-4e3e-8726-42fa4b939ff3","norm","http://blog.Cvent.com/blog/cvent-supplier-network-2"
"096528c6-2498-4670-b43d-30159f0161e7","http://blog.cvent.com/blog/cvent-supplier-network-advice","http://blog.cvent.com/","c3047fdf-c5e3-47a8-9775-d72917849181","norm","http://blog.Cvent.com/blog/cvent-supplier-network-advice"
"b04e808c-21e8-459f-a026-269c32b95391","http://blog.cvent.com/blog/cvent-supplier-network-best-practices","http://blog.cvent.com/","202f4a43-1c1e-486f-ac9b-9769e5d07220","norm","http://blog.Cvent.com/blog/cvent-supplier-network-best-practices"
"0bd0f883-dd66-437f-9927-8657f19c55a1","http://blog.cvent.com/blog/cvent-supplier-network-tips","http://blog.cvent.com/","997fe0df-0330-42e7-916d-546f4aed110f","norm","http://blog.Cvent.com/blog/cvent-supplier-network-tips"
"64220dc6-be79-47c5-81c8-80004b9421f2","http://blog.cvent.com/blog/dallas-meetings-and-events","http://blog.cvent.com/","65f2bdcf-6acb-4d43-b1d9-76089333d8a2","norm","http://blog.Cvent.com/blog/dallas-meetings-and-events"
"6a6c688d-e662-49ee-8128-ef9ceb18c966","http://blog.cvent.com/blog/dave-phillips","http://blog.cvent.com/","3a595a43-4123-4f3b-a598-a3d9f3824174","norm","http://blog.Cvent.com/blog/dave-phillips"
"09bc0b78-6088-4e05-94f7-6c0f9b7e02d5","http://blog.cvent.com/blog/destination-insider-2","http://blog.cvent.com/","16f8b93d-9383-480b-9e7d-b5aace94c75b","norm","http://blog.Cvent.com/blog/destination-insider-2"
"380c377c-0428-4d99-91b0-c0c4ee137ac1","http://blog.cvent.com/blog/destination-insider-4","http://blog.cvent.com/","2b1808e5-6173-4a59-be67-ffc185ab3ae5","norm","http://blog.Cvent.com/blog/destination-insider-4"
"4ef71f69-dd6d-47f5-b8d2-2babdac5fa27","http://blog.cvent.com/blog/destination-insider","http://blog.cvent.com/","8559d63f-5ee1-44a8-aca6-b892e4686fc8","norm","http://blog.Cvent.com/blog/destination-insider"
"02f86d9f-8a3e-4a51-a1e6-a8d8e8f9b9f5","http://blog.cvent.com/blog/destination-insider-3","http://blog.cvent.com/","e9ab47c2-ab15-40ad-99ef-70fb10b90fd4","norm","http://blog.Cvent.com/blog/destination-insider-3"
"6df671dd-0e4e-4baa-b7e9-ad42a21808ea","http://blog.cvent.com/blog/drive-to-insider","http://blog.cvent.com/","a3257037-5a78-4be1-b881-5583619150dd","norm","http://blog.Cvent.com/blog/drive-to-insider"
"2f70e531-45e0-45f7-9c70-c88b9ef518ae","http://blog.cvent.com/blog/employee-training-events","http://blog.cvent.com/","b19be7c9-09ea-4a3d-92b3-4629123aef78","norm","http://blog.Cvent.com/blog/employee-training-events"
"2aa0e72c-c015-41e6-bd9a-e78fbb2f137b","http://blog.cvent.com/blog/meeting-marketing","http://blog.cvent.com/","e8769b32-739f-46b7-92bd-98916b409329","norm","http://blog.Cvent.com/blog/meeting-marketing"
"fbe18e3c-02ff-425a-92bd-c0f4615f81af","http://blog.cvent.com/blog/event-designs-and-decor","http://blog.cvent.com/","98eff03a-c325-4595-b8e8-16ea8a8e4840","norm","http://blog.Cvent.com/blog/event-designs-and-decor"
"006c88cc-c0d7-48df-bfd1-e02303c7277d","http://blog.cvent.com/blog/event-email-marketing","http://blog.cvent.com/","f0eb5863-1de5-4660-ae64-4675e7071353","norm","http://blog.Cvent.com/blog/event-email-marketing"
"fa6a18f3-b2b8-4b24-9346-cb1e6d609bba","http://blog.cvent.com/blog/event-planner-news","http://blog.cvent.com/","ff7d1d87-4305-4bc7-ab3f-9c2d3f059ebd","norm","http://blog.Cvent.com/blog/event-planner-news"
"368be9b4-34cf-45cf-8513-cb563466d37b","http://blog.cvent.com/blog/event-planning-and-event-marketing","http://blog.cvent.com/","3aa9f480-3f81-414d-b4c8-7e17ea3cc93c","norm","http://blog.Cvent.com/blog/event-planning-and-event-marketing"
"36025d6f-2e76-499b-ba32-19b0941bfbb6","http://blog.cvent.com/blog/event-planning-insights","http://blog.cvent.com/","27b53c17-75b1-486f-ab1d-40021858bbf3","norm","http://blog.Cvent.com/blog/event-planning-insights"
"c0a7b6a8-7358-45f5-ad10-7ae0e14ffb96","http://blog.cvent.com/blog/event-planning-tips","http://blog.cvent.com/","58054695-f415-42c1-ad7f-c9df2f52a899","norm","http://blog.Cvent.com/blog/event-planning-tips"
"e405d1b2-14d9-450e-9d9a-b5369df6ea76","http://blog.cvent.com/blog/event-registration-best-practices","http://blog.cvent.com/","5fccd81d-11ec-4432-8e16-3cb7b6f4aed0","norm","http://blog.Cvent.com/blog/event-registration-best-practices"
"ad241da8-7249-4643-9c0e-d63bd765c1af","http://blog.cvent.com/blog/event-rfp-creation","http://blog.cvent.com/","656f39b3-af5c-43dd-be83-1a4deae8e3ac","norm","http://blog.Cvent.com/blog/event-rfp-creation"
"2ee58640-ad1c-49b3-9e1d-cc22fe9ee556","http://blog.cvent.com/blog/event-sourcing-and-suppliers","http://blog.cvent.com/","7e212de1-7924-4064-8e3e-122508a5e3f7","norm","http://blog.Cvent.com/blog/event-sourcing-and-suppliers"
"c00ebf8b-81d7-43a5-af03-b91e3d7f4916","http://blog.cvent.com/blog/meeting-and-event-planning-tips","http://blog.cvent.com/","14cf7118-3d06-44f8-930f-f2574fee5101","norm","http://blog.Cvent.com/blog/meeting-and-event-planning-tips"
"493ec43b-a6be-4e76-accc-95bec125e555","http://blog.cvent.com/blog/event-suppliers-3","http://blog.cvent.com/","476405df-b6ec-4bad-b52b-8cd6a34232d4","norm","http://blog.Cvent.com/blog/event-suppliers-3"
"11b28d0a-2858-4433-a9e5-487648b88736","http://blog.cvent.com/blog/event-venue-spotlights","http://blog.cvent.com/","c9270c61-95d8-4082-897e-47dfb4a807f7","norm","http://blog.Cvent.com/blog/event-venue-spotlights"
"2da7cda2-8166-4dd4-87a6-d8fa540b3713","http://blog.cvent.com/blog/featured-venues-and-destinations","http://blog.cvent.com/","55e46ef5-f8c4-4509-93d4-2f62465a7f06","norm","http://blog.Cvent.com/blog/featured-venues-and-destinations"
"766415f7-7371-4053-8ee1-e4c205e91043","http://blog.cvent.com/blog/cvent-blog","http://blog.cvent.com/","03f1110e-455c-4b3e-80a9-7026139c84a5","norm","http://blog.Cvent.com/blog/cvent-blog"
"634d828d-7a20-4fd5-a454-307a2f8cbf54","http://blog.cvent.com/blog/golfinsider","http://blog.cvent.com/","45d7ce25-c5c8-4dce-acef-b52465e32234","norm","http://blog.Cvent.com/blog/golfinsider"
"bdfa2b66-96dd-4ce7-a975-b2a203645c5c","http://blog.cvent.com/blog/jenise-fryatt-bio","http://blog.cvent.com/","b8f1dbd3-6276-42e7-b088-ee0c06fde634","norm","http://blog.Cvent.com/blog/jenise-fryatt-bio"
"fdff6650-915d-442d-bd4e-e1c6050f43d4","http://blog.cvent.com/blog/las-vegas-insider","http://blog.cvent.com/","4e0693f8-895e-4be2-801f-fb84ac3fae63","norm","http://blog.Cvent.com/blog/las-vegas-insider"
"47eae19f-909f-499c-b6a3-5895dc85aab4","http://blog.cvent.com/blog/las-vegas-meetings-and-events","http://blog.cvent.com/","56cc1a02-214e-48fb-aa43-0a1e6a6e9b4a","norm","http://blog.Cvent.com/blog/las-vegas-meetings-and-events"
"5110e9cd-af5a-4221-97a7-15b6c7152fb7","http://blog.cvent.com/blog/los-angeles-meetings-and-events","http://blog.cvent.com/","082fdbd6-9881-4f45-b745-ff134508c9c8","norm","http://blog.Cvent.com/blog/los-angeles-meetings-and-events"
"a3cf057c-3c30-4f7c-a298-24d0c2c4183c","http://blog.cvent.com/blog/marketing-strategies-for-event-planners","http://blog.cvent.com/","25396cc0-ecfd-4c65-8ec9-90e76bbccf2d","norm","http://blog.Cvent.com/blog/marketing-strategies-for-event-planners"
"f0b8730c-3785-4cc6-adec-e93c8afdae74","http://blog.cvent.com/blog/meeting-and-event-industry-insights","http://blog.cvent.com/","415c0f19-ded6-404e-ad35-0296248eb083","norm","http://blog.Cvent.com/blog/meeting-and-event-industry-insights"
"63effdba-937c-4bee-97f1-038ffd980ebf","http://blog.cvent.com/blog/meeting-and-event-planning-solutions","http://blog.cvent.com/","6a5dbe59-d32d-4334-96b3-c24998340295","norm","http://blog.Cvent.com/blog/meeting-and-event-planning-solutions"
"9cff41b7-2a4f-490b-bc47-8470b1a901e2","http://blog.cvent.com/blog/meeting-and-event-technology-best-practices","http://blog.cvent.com/","821cbca0-476c-4056-b9ab-d20918bd18f2","norm","http://blog.Cvent.com/blog/meeting-and-event-technology-best-practices"
"94ff8963-901a-4c30-a88e-c40cf87f0455","http://blog.cvent.com/blog/meeting-and-event-planning-experts","http://blog.cvent.com/","c63ddc52-462d-490e-b6d6-7ed58aef9bf6","norm","http://blog.Cvent.com/blog/meeting-and-event-planning-experts"
"d38214a0-eb20-4a70-9f59-71ae81cfe2a5","http://blog.cvent.com/blog/meeting-and-event-planning-insights","http://blog.cvent.com/","8393bc5e-f89f-49ab-b9c9-0d70f7aa8db8","norm","http://blog.Cvent.com/blog/meeting-and-event-planning-insights"
"ff34a6f9-7d10-4635-b3d0-c6c8078a2a80","http://blog.cvent.com/blog/meeting-and-event-suppliers","http://blog.cvent.com/","327f96b6-32ab-405c-aede-8d93a7cfd4a3","norm","http://blog.Cvent.com/blog/meeting-and-event-suppliers"
"784fa493-7a21-408c-b70b-489243aa39fb","http://blog.cvent.com/blog/csn-featured-properties","http://blog.cvent.com/","c2517a99-f028-40f4-809d-ed48b9d62e91","norm","http://blog.Cvent.com/blog/csn-featured-properties"
"b65e06f8-f9e2-494c-9514-ed36487db41c","http://blog.cvent.com/blog/meeting-news-2","http://blog.cvent.com/","d0e91a83-5cf5-40dc-8d82-8a6f0827882d","norm","http://blog.Cvent.com/blog/meeting-news-2"
"79af7d1a-ca4b-4bba-8b95-d0b48be4c226","http://blog.cvent.com/blog/meeting-planner-advice","http://blog.cvent.com/","651a4971-7402-424a-aa1a-23d7ef494e64","norm","http://blog.Cvent.com/blog/meeting-planner-advice"
"78539cb9-6bf2-459b-84d8-8c65739413aa","http://blog.cvent.com/blog/meeting-planning-and-event-planning","http://blog.cvent.com/","1776d8f9-8bfd-405b-89bf-46eb60779ac2","norm","http://blog.Cvent.com/blog/meeting-planning-and-event-planning"
"f4a408a5-c14f-4d43-8238-cec646b17575","http://blog.cvent.com/blog/meeting-planning-innovation","http://blog.cvent.com/","a033a241-a50e-4250-8155-913cb316310a","norm","http://blog.Cvent.com/blog/meeting-planning-innovation"
"2779a44d-5a76-4a26-944b-c91c87e93647","http://blog.cvent.com/blog/meeting-services-2","http://blog.cvent.com/","508a1a0f-c393-4507-b968-7cc4b6c92b99","norm","http://blog.Cvent.com/blog/meeting-services-2"
"be5bc4c0-9f2a-4289-a5f6-2432c9ac8cb4","http://blog.cvent.com/blog/meeting-software-best-practices","http://blog.cvent.com/","cf29de26-e9e1-4252-be49-2df391de73ba","norm","http://blog.Cvent.com/blog/meeting-software-best-practices"
"1c0c28c0-9b25-48d9-a757-0adec4c01c9a","http://blog.cvent.com/blog/meeting-suppliers","http://blog.cvent.com/","134400db-f10b-4276-a261-c9b1119bc521","norm","http://blog.Cvent.com/blog/meeting-suppliers"
"c4d5e20c-08d5-4037-b675-b5d1196d8f34","http://blog.cvent.com/blog/meetings-and-events-3","http://blog.cvent.com/","1168a64d-a953-4ad0-bc07-0fa54ec885dd","norm","http://blog.Cvent.com/blog/meetings-and-events-3"
"819a2faa-3fa6-44ee-926d-0eb704b586f2","http://blog.cvent.com/blog/meetings-and-events-4","http://blog.cvent.com/","57c10c9d-02db-402c-8db3-b55ab9779abd","norm","http://blog.Cvent.com/blog/meetings-and-events-4"
"34d9c311-ffa2-4d08-adb8-6141f21075c3","http://blog.cvent.com/blog/meetings-and-events-5","http://blog.cvent.com/","939adec2-594e-4c56-8b20-84c003b73e5b","norm","http://blog.Cvent.com/blog/meetings-and-events-5"
"d70ea585-1ae1-4d9d-9c58-918b81531b60","http://blog.cvent.com/blog/meetings-and-events-6","http://blog.cvent.com/","d09da920-569d-4527-9ceb-ce5631cde2fe","norm","http://blog.Cvent.com/blog/meetings-and-events-6"
"39245834-7e4b-4aa6-b812-78171af13cda","http://blog.cvent.com/blog/meetings-and-events","http://blog.cvent.com/","c22004a0-6297-49f5-80de-7782bf8a9edc","norm","http://blog.Cvent.com/blog/meetings-and-events"
"bb21ecd8-11a6-435a-9de1-ddf8d022ff5b","http://blog.cvent.com/blog/mexico-insider","http://blog.cvent.com/","cdc6ef71-c5b1-45a8-9344-1ec9643421ea","norm","http://blog.Cvent.com/blog/mexico-insider"
"a1fe37e0-ddf4-4ce1-b3e6-d5d0035c4fa1","http://blog.cvent.com/blog/mid-atlantic-insider","http://blog.cvent.com/","304cdb58-6c57-4f49-adc1-d6e1becf3ec9","norm","http://blog.Cvent.com/blog/mid-atlantic-insider"
"3706d7cd-ac40-416f-9142-308cacbfcd9e","http://blog.cvent.com/blog/midwest-insider","http://blog.cvent.com/","c2dc2b4f-6b89-492f-ad03-ffab5f8095d2","norm","http://blog.Cvent.com/blog/midwest-insider"
"0763d7cb-38bc-47d0-88c2-2e8de4a3e94c","http://blog.cvent.com/blog/new-york-events-and-meetings","http://blog.cvent.com/","4dc802f3-a1ef-483c-842b-70d549aad17d","norm","http://blog.Cvent.com/blog/new-york-events-and-meetings"
"4570f3f7-ee28-466d-9778-9a9d07a6ef9f","http://blog.cvent.com/blog/new-york-meetings-and-events","http://blog.cvent.com/","1b54ad21-8ffd-4836-a79f-38564724044a","norm","http://blog.Cvent.com/blog/new-york-meetings-and-events"
"dc04ea9d-b654-4f69-8d56-8565f21b6664","http://blog.cvent.com/blog/orlando-meetings-and-events","http://blog.cvent.com/","4bb8341c-95e7-4af3-981e-9f2a37f4b1c3","norm","http://blog.Cvent.com/blog/orlando-meetings-and-events"
"b9e4fa16-33a0-4298-a068-e2ad4055096d","http://blog.cvent.com/blog/planning-events-with-cvbs","http://blog.cvent.com/","5d980e0a-8ddf-449b-b835-399895a2a01e","norm","http://blog.Cvent.com/blog/planning-events-with-cvbs"
"37716e9b-61c1-4a06-88b2-ba81be82774e","http://blog.cvent.com/blog/san-diego-meetings-and-events","http://blog.cvent.com/","bccc2d68-ec8e-4ffb-8f38-1fcffa508117","norm","http://blog.Cvent.com/blog/san-diego-meetings-and-events"
"a5a755c9-7597-4418-920b-2aa8445572d5","http://blog.cvent.com/blog/efeddc14-8ae8-443a-ae7f-e9b6e77f9b08","http://blog.cvent.com/","efeddc14-8ae8-443a-ae7f-e9b6e77f9b08","norm","http://blog.Cvent.com/blog/efeddc14-8ae8-443a-ae7f-e9b6e77f9b08"
"0d2ea891-be24-49eb-8241-48b519fe3645","http://blog.cvent.com/blog/sheratonmeetingsnews","http://blog.cvent.com/","492f46aa-ab24-4c80-8b21-716adbcfa1cb","norm","http://blog.Cvent.com/blog/sheratonmeetingsnews"
"8e6edfa5-5f74-4fcd-9ca2-5d3e0af7d183","http://blog.cvent.com/blog/supplier-perspectives-by-kimpton","http://blog.cvent.com/","fda8db0a-1630-40f3-88bd-06a97a5a2293","norm","http://blog.Cvent.com/blog/supplier-perspectives-by-kimpton"
"b6732feb-e3a3-4fcf-bba1-d4ca563aca49","http://blog.cvent.com/blog/suppliers-for-events","http://blog.cvent.com/","4637a81a-4ce8-4842-ab3f-82dbb309a17f","norm","http://blog.Cvent.com/blog/suppliers-for-events"
"09b0d7ba-01ed-4d70-9604-05f4874fcf75","http://blog.cvent.com/blog/tips-for-event-planning","http://blog.cvent.com/","303a4010-4c02-4e2c-872a-5bd53f7bdfb7","norm","http://blog.Cvent.com/blog/tips-for-event-planning"
"2d177f97-3616-4ac0-b111-045cdfb32d15","http://blog.cvent.com/blog/tips-for-successful-meetings","http://blog.cvent.com/","e65a29b9-f855-4901-a342-fcb95cc6a7ed","norm","http://blog.Cvent.com/blog/tips-for-successful-meetings"
"6bb61fa5-8dbf-4e83-a0e8-f47f11d2ed1a","http://blog.cvent.com/blog/tips-for-the-cvent-supplier-network","http://blog.cvent.com/","08da9d54-dc90-4039-9100-d614d4f35765","norm","http://blog.Cvent.com/blog/tips-for-the-cvent-supplier-network"
"4c510812-cf01-45a9-b19e-750564d4a74b","http://blog.cvent.com/blog/tips-ticks-and-other-event-planning-secrets","http://blog.cvent.com/","3df85599-dfbd-4dd7-8431-c728b661561f","norm","http://blog.Cvent.com/blog/tips-ticks-and-other-event-planning-secrets"
"ea6115a5-2029-42f6-8878-bbd7eebfa9f2","http://blog.cvent.com/blog/trade-show-and-conference-planning-production","http://blog.cvent.com/","b6409ecc-a587-4038-8e1b-51fd885d7621","norm","http://blog.Cvent.com/blog/trade-show-and-conference-planning-production"
"ed134358-bebc-462c-97b4-5503507748c5","http://blog.cvent.com/blog/trusted-meeting-and-event-planning","http://blog.cvent.com/","a75bc8b0-02cc-44c1-b784-9827cfb71e45","norm","http://blog.Cvent.com/blog/trusted-meeting-and-event-planning"
"2b8ccf41-686c-4d00-9d82-97d4a3d90d61","http://blog.cvent.com/blog/unconventional-event-planning-ideas","http://blog.cvent.com/","6485978e-533d-41fb-aca0-602e0b259565","norm","http://blog.Cvent.com/blog/unconventional-event-planning-ideas"
"2af2b9e3-de77-47f5-bba2-cca842aed405","http://blog.cvent.com/blog/voice-of-imex-america","http://blog.cvent.com/","a43b64dd-08cc-4481-9392-4e60eebeb73b","norm","http://blog.Cvent.com/blog/voice-of-imex-america"
